hangar_concrete_floor	diff	https://dl.polyhaven.org/file/ph-assets/Textures/jpg/2k/hangar_concrete_floor/hangar_concrete_floor_diff_2k.jpg	2559056
hangar_concrete_floor	nor_dx	https://dl.polyhaven.org/file/ph-assets/Textures/jpg/2k/hangar_concrete_floor/hangar_concrete_floor_nor_dx_2k.jpg	3097643
hangar_concrete_floor	arm	https://dl.polyhaven.org/file/ph-assets/Textures/jpg/2k/hangar_concrete_floor/hangar_concrete_floor_arm_2k.jpg	2994585
hangar_concrete_floor	disp	https://dl.polyhaven.org/file/ph-assets/Textures/jpg/2k/hangar_concrete_floor/hangar_concrete_floor_disp_2k.jpg	922332
concrete_floor_worn_001	diff	https://dl.polyhaven.org/file/ph-assets/Textures/jpg/2k/concrete_floor_worn_001/concrete_floor_worn_001_diff_2k.jpg	482906
concrete_floor_worn_001	nor_dx	https://dl.polyhaven.org/file/ph-assets/Textures/jpg/2k/concrete_floor_worn_001/concrete_floor_worn_001_nor_dx_2k.jpg	864456
concrete_floor_worn_001	arm	https://dl.polyhaven.org/file/ph-assets/Textures/jpg/2k/concrete_floor_worn_001/concrete_floor_worn_001_arm_2k.jpg	649883
concrete_floor_worn_001	disp	https://dl.polyhaven.org/file/ph-assets/Textures/jpg/2k/concrete_floor_worn_001/concrete_floor_worn_001_disp_2k.jpg	666150
anti_slip_concrete	diff	https://dl.polyhaven.org/file/ph-assets/Textures/jpg/2k/anti_slip_concrete/anti_slip_concrete_diff_2k.jpg	4260182
anti_slip_concrete	nor_dx	https://dl.polyhaven.org/file/ph-assets/Textures/jpg/2k/anti_slip_concrete/anti_slip_concrete_nor_dx_2k.jpg	4147770
anti_slip_concrete	arm	https://dl.polyhaven.org/file/ph-assets/Textures/jpg/2k/anti_slip_concrete/anti_slip_concrete_arm_2k.jpg	2482829
anti_slip_concrete	disp	https://dl.polyhaven.org/file/ph-assets/Textures/jpg/2k/anti_slip_concrete/anti_slip_concrete_disp_2k.jpg	1210344
painted_concrete_02	diff	https://dl.polyhaven.org/file/ph-assets/Textures/jpg/2k/painted_concrete_02/painted_concrete_02_diff_2k.jpg	2103406
painted_concrete_02	nor_dx	https://dl.polyhaven.org/file/ph-assets/Textures/jpg/2k/painted_concrete_02/painted_concrete_02_nor_dx_2k.jpg	3114317
painted_concrete_02	arm	https://dl.polyhaven.org/file/ph-assets/Textures/jpg/2k/painted_concrete_02/painted_concrete_02_arm_2k.jpg	3125588
painted_concrete_02	disp	https://dl.polyhaven.org/file/ph-assets/Textures/jpg/2k/painted_concrete_02/painted_concrete_02_disp_2k.jpg	577395
asphalt_03	diff	https://dl.polyhaven.org/file/ph-assets/Textures/jpg/2k/asphalt_03/asphalt_03_diff_2k.jpg	3723686
asphalt_03	nor_dx	https://dl.polyhaven.org/file/ph-assets/Textures/jpg/2k/asphalt_03/asphalt_03_nor_dx_2k.jpg	4339454
asphalt_03	arm	https://dl.polyhaven.org/file/ph-assets/Textures/jpg/2k/asphalt_03/asphalt_03_arm_2k.jpg	4591780
asphalt_03	disp	https://dl.polyhaven.org/file/ph-assets/Textures/jpg/2k/asphalt_03/asphalt_03_disp_2k.jpg	1149608
metal_plate	diff	https://dl.polyhaven.org/file/ph-assets/Textures/jpg/2k/metal_plate/metal_plate_diff_2k.jpg	2670774
metal_plate	nor_dx	https://dl.polyhaven.org/file/ph-assets/Textures/jpg/2k/metal_plate/metal_plate_nor_dx_2k.jpg	2539342
metal_plate	arm	https://dl.polyhaven.org/file/ph-assets/Textures/jpg/2k/metal_plate/metal_plate_arm_2k.jpg	3926194
metal_plate	disp	https://dl.polyhaven.org/file/ph-assets/Textures/jpg/2k/metal_plate/metal_plate_disp_2k.jpg	1067841
garage_floor	diff	https://dl.polyhaven.org/file/ph-assets/Textures/jpg/2k/garage_floor/garage_floor_diff_2k.jpg	2836790
garage_floor	nor_dx	https://dl.polyhaven.org/file/ph-assets/Textures/jpg/2k/garage_floor/garage_floor_nor_dx_2k.jpg	2331575
garage_floor	arm	https://dl.polyhaven.org/file/ph-assets/Textures/jpg/2k/garage_floor/garage_floor_arm_2k.jpg	2992701
garage_floor	disp	https://dl.polyhaven.org/file/ph-assets/Textures/jpg/2k/garage_floor/garage_floor_disp_2k.jpg	1127084
interior_tiles	diff	https://dl.polyhaven.org/file/ph-assets/Textures/jpg/2k/interior_tiles/interior_tiles_diff_2k.jpg	2879908
interior_tiles	nor_dx	https://dl.polyhaven.org/file/ph-assets/Textures/jpg/2k/interior_tiles/interior_tiles_nor_dx_2k.jpg	1920275
interior_tiles	arm	https://dl.polyhaven.org/file/ph-assets/Textures/jpg/2k/interior_tiles/interior_tiles_arm_2k.jpg	2472830
interior_tiles	disp	https://dl.polyhaven.org/file/ph-assets/Textures/jpg/2k/interior_tiles/interior_tiles_disp_2k.jpg	947213
concrete_slab_wall_02	diff	https://dl.polyhaven.org/file/ph-assets/Textures/jpg/2k/concrete_slab_wall_02/concrete_slab_wall_02_diff_2k.jpg	2424125
concrete_slab_wall_02	nor_dx	https://dl.polyhaven.org/file/ph-assets/Textures/jpg/2k/concrete_slab_wall_02/concrete_slab_wall_02_nor_dx_2k.jpg	2651785
concrete_slab_wall_02	arm	https://dl.polyhaven.org/file/ph-assets/Textures/jpg/2k/concrete_slab_wall_02/concrete_slab_wall_02_arm_2k.jpg	2291161
concrete_slab_wall_02	disp	https://dl.polyhaven.org/file/ph-assets/Textures/jpg/2k/concrete_slab_wall_02/concrete_slab_wall_02_disp_2k.jpg	422787
ribbed_concrete_wall	diff	https://dl.polyhaven.org/file/ph-assets/Textures/jpg/2k/ribbed_concrete_wall/ribbed_concrete_wall_diff_2k.jpg	3194737
ribbed_concrete_wall	nor_dx	https://dl.polyhaven.org/file/ph-assets/Textures/jpg/2k/ribbed_concrete_wall/ribbed_concrete_wall_nor_dx_2k.jpg	4182145
ribbed_concrete_wall	arm	https://dl.polyhaven.org/file/ph-assets/Textures/jpg/2k/ribbed_concrete_wall/ribbed_concrete_wall_arm_2k.jpg	2553665
ribbed_concrete_wall	disp	https://dl.polyhaven.org/file/ph-assets/Textures/jpg/2k/ribbed_concrete_wall/ribbed_concrete_wall_disp_2k.jpg	1120785
concrete_wall_006	diff	https://dl.polyhaven.org/file/ph-assets/Textures/jpg/2k/concrete_wall_006/concrete_wall_006_diff_2k.jpg	3109558
concrete_wall_006	nor_dx	https://dl.polyhaven.org/file/ph-assets/Textures/jpg/2k/concrete_wall_006/concrete_wall_006_nor_dx_2k.jpg	4958473
concrete_wall_006	arm	https://dl.polyhaven.org/file/ph-assets/Textures/jpg/2k/concrete_wall_006/concrete_wall_006_arm_2k.jpg	3993163
concrete_wall_006	disp	https://dl.polyhaven.org/file/ph-assets/Textures/jpg/2k/concrete_wall_006/concrete_wall_006_disp_2k.jpg	1178618
concrete_tile_facade	diff	https://dl.polyhaven.org/file/ph-assets/Textures/jpg/2k/concrete_tile_facade/concrete_tile_facade_diff_2k.jpg	2720488
concrete_tile_facade	nor_dx	https://dl.polyhaven.org/file/ph-assets/Textures/jpg/2k/concrete_tile_facade/concrete_tile_facade_nor_dx_2k.jpg	3759748
concrete_tile_facade	arm	https://dl.polyhaven.org/file/ph-assets/Textures/jpg/2k/concrete_tile_facade/concrete_tile_facade_arm_2k.jpg	2597421
concrete_tile_facade	disp	https://dl.polyhaven.org/file/ph-assets/Textures/jpg/2k/concrete_tile_facade/concrete_tile_facade_disp_2k.jpg	1511618
rough_concrete	diff	https://dl.polyhaven.org/file/ph-assets/Textures/jpg/2k/rough_concrete/rough_concrete_diff_2k.jpg	4355641
rough_concrete	nor_dx	https://dl.polyhaven.org/file/ph-assets/Textures/jpg/2k/rough_concrete/rough_concrete_nor_dx_2k.jpg	5362680
rough_concrete	arm	https://dl.polyhaven.org/file/ph-assets/Textures/jpg/2k/rough_concrete/rough_concrete_arm_2k.jpg	3432016
rough_concrete	disp	https://dl.polyhaven.org/file/ph-assets/Textures/jpg/2k/rough_concrete/rough_concrete_disp_2k.jpg	1627430
blue_metal_plate	diff	https://dl.polyhaven.org/file/ph-assets/Textures/jpg/2k/blue_metal_plate/blue_metal_plate_diff_2k.jpg	1518621
blue_metal_plate	nor_dx	https://dl.polyhaven.org/file/ph-assets/Textures/jpg/2k/blue_metal_plate/blue_metal_plate_nor_dx_2k.jpg	933761
blue_metal_plate	arm	https://dl.polyhaven.org/file/ph-assets/Textures/jpg/2k/blue_metal_plate/blue_metal_plate_arm_2k.jpg	1640935
blue_metal_plate	disp	https://dl.polyhaven.org/file/ph-assets/Textures/jpg/2k/blue_metal_plate/blue_metal_plate_disp_2k.jpg	124881
green_metal_rust	diff	https://dl.polyhaven.org/file/ph-assets/Textures/jpg/2k/green_metal_rust/green_metal_rust_diff_2k.jpg	787402
green_metal_rust	nor_dx	https://dl.polyhaven.org/file/ph-assets/Textures/jpg/2k/green_metal_rust/green_metal_rust_nor_dx_2k.jpg	388424
green_metal_rust	arm	https://dl.polyhaven.org/file/ph-assets/Textures/jpg/2k/green_metal_rust/green_metal_rust_arm_2k.jpg	477556
green_metal_rust	disp	https://dl.polyhaven.org/file/ph-assets/Textures/jpg/2k/green_metal_rust/green_metal_rust_disp_2k.jpg	1013126
rusty_metal_02	diff	https://dl.polyhaven.org/file/ph-assets/Textures/jpg/2k/rusty_metal_02/rusty_metal_02_diff_2k.jpg	1952454
rusty_metal_02	nor_dx	https://dl.polyhaven.org/file/ph-assets/Textures/jpg/2k/rusty_metal_02/rusty_metal_02_nor_dx_2k.jpg	1189054
rusty_metal_02	arm	https://dl.polyhaven.org/file/ph-assets/Textures/jpg/2k/rusty_metal_02/rusty_metal_02_arm_2k.jpg	705888
rusty_metal_02	disp	https://dl.polyhaven.org/file/ph-assets/Textures/jpg/2k/rusty_metal_02/rusty_metal_02_disp_2k.jpg	704302
corrugated_iron_02	diff	https://dl.polyhaven.org/file/ph-assets/Textures/jpg/2k/corrugated_iron_02/corrugated_iron_02_diff_2k.jpg	2325335
corrugated_iron_02	nor_dx	https://dl.polyhaven.org/file/ph-assets/Textures/jpg/2k/corrugated_iron_02/corrugated_iron_02_nor_dx_2k.jpg	2181328
corrugated_iron_02	arm	https://dl.polyhaven.org/file/ph-assets/Textures/jpg/2k/corrugated_iron_02/corrugated_iron_02_arm_2k.jpg	4037544
corrugated_iron_02	disp	https://dl.polyhaven.org/file/ph-assets/Textures/jpg/2k/corrugated_iron_02/corrugated_iron_02_disp_2k.jpg	821702
painted_metal_shutter	diff	https://dl.polyhaven.org/file/ph-assets/Textures/jpg/2k/painted_metal_shutter/painted_metal_shutter_diff_2k.jpg	2474114
painted_metal_shutter	nor_dx	https://dl.polyhaven.org/file/ph-assets/Textures/jpg/2k/painted_metal_shutter/painted_metal_shutter_nor_dx_2k.jpg	3064129
painted_metal_shutter	arm	https://dl.polyhaven.org/file/ph-assets/Textures/jpg/2k/painted_metal_shutter/painted_metal_shutter_arm_2k.jpg	2565660
painted_metal_shutter	disp	https://dl.polyhaven.org/file/ph-assets/Textures/jpg/2k/painted_metal_shutter/painted_metal_shutter_disp_2k.jpg	1080331
container_side	diff	https://dl.polyhaven.org/file/ph-assets/Textures/jpg/2k/container_side/container_side_diff_2k.jpg	1833036
container_side	nor_dx	https://dl.polyhaven.org/file/ph-assets/Textures/jpg/2k/container_side/container_side_nor_dx_2k.jpg	2632510
container_side	arm	https://dl.polyhaven.org/file/ph-assets/Textures/jpg/2k/container_side/container_side_arm_2k.jpg	1856806
container_side	disp	https://dl.polyhaven.org/file/ph-assets/Textures/jpg/2k/container_side/container_side_disp_2k.jpg	644811
metal_plate_02	diff	https://dl.polyhaven.org/file/ph-assets/Textures/jpg/2k/metal_plate_02/metal_plate_02_diff_2k.jpg	2604239
metal_plate_02	nor_dx	https://dl.polyhaven.org/file/ph-assets/Textures/jpg/2k/metal_plate_02/metal_plate_02_nor_dx_2k.jpg	569450
metal_plate_02	arm	https://dl.polyhaven.org/file/ph-assets/Textures/jpg/2k/metal_plate_02/metal_plate_02_arm_2k.jpg	4445975
metal_plate_02	disp	https://dl.polyhaven.org/file/ph-assets/Textures/jpg/2k/metal_plate_02/metal_plate_02_disp_2k.jpg	690194
plywood	diff	https://dl.polyhaven.org/file/ph-assets/Textures/jpg/2k/plywood/plywood_diff_2k.jpg	4009658
plywood	nor_dx	https://dl.polyhaven.org/file/ph-assets/Textures/jpg/2k/plywood/plywood_nor_dx_2k.jpg	2831747
plywood	arm	https://dl.polyhaven.org/file/ph-assets/Textures/jpg/2k/plywood/plywood_arm_2k.jpg	4039721
plywood	disp	https://dl.polyhaven.org/file/ph-assets/Textures/jpg/2k/plywood/plywood_disp_2k.jpg	2050091
hessian_230	diff	https://dl.polyhaven.org/file/ph-assets/Textures/jpg/2k/hessian_230/hessian_230_diff_2k.jpg	3828573
hessian_230	nor_dx	https://dl.polyhaven.org/file/ph-assets/Textures/jpg/2k/hessian_230/hessian_230_nor_dx_2k.jpg	3735566
hessian_230	arm	https://dl.polyhaven.org/file/ph-assets/Textures/jpg/2k/hessian_230/hessian_230_arm_2k.jpg	4692408
hessian_230	disp	https://dl.polyhaven.org/file/ph-assets/Textures/jpg/2k/hessian_230/hessian_230_disp_2k.jpg	2039184
industrial_sunset_02_puresky	hdri	https://dl.polyhaven.org/file/ph-assets/HDRIs/hdr/4k/industrial_sunset_02_puresky_4k.hdr	16086915
kloppenheim_07_puresky	hdri	https://dl.polyhaven.org/file/ph-assets/HDRIs/hdr/4k/kloppenheim_07_puresky_4k.hdr	19356904
kloofendal_overcast_puresky	hdri	https://dl.polyhaven.org/file/ph-assets/HDRIs/hdr/4k/kloofendal_overcast_puresky_4k.hdr	16953534
qwantani_late_afternoon_puresky	hdri	https://dl.polyhaven.org/file/ph-assets/HDRIs/hdr/4k/qwantani_late_afternoon_puresky_4k.hdr
table_mountain_2_puresky	hdri	https://dl.polyhaven.org/file/ph-assets/HDRIs/hdr/4k/table_mountain_2_puresky_4k.hdr
DiamondPlate008A	ambientcg	https://ambientcg.com/get?file=DiamondPlate008A_2K-JPG.zip
CorrugatedSteel005	ambientcg	https://ambientcg.com/get?file=CorrugatedSteel005_2K-JPG.zip
Metal027	ambientcg	https://ambientcg.com/get?file=Metal027_2K-JPG.zip
Rubber004	ambientcg	https://ambientcg.com/get?file=Rubber004_2K-JPG.zip
SheetMetal002	ambientcg	https://ambientcg.com/get?file=SheetMetal002_2K-JPG.zip
PaintedMetal012	ambientcg	https://ambientcg.com/get?file=PaintedMetal012_2K-JPG.zip
PaintedMetal013	ambientcg	https://ambientcg.com/get?file=PaintedMetal013_2K-JPG.zip
MetalPlates014	ambientcg	https://ambientcg.com/get?file=MetalPlates014_2K-JPG.zip
MetalPlates017A	ambientcg	https://ambientcg.com/get?file=MetalPlates017A_2K-JPG.zip
Concrete046	ambientcg	https://ambientcg.com/get?file=Concrete046_2K-JPG.zip
leafy_grass	diff	https://dl.polyhaven.org/file/ph-assets/Textures/jpg/2k/leafy_grass/leafy_grass_diff_2k.jpg
leafy_grass	nor_dx	https://dl.polyhaven.org/file/ph-assets/Textures/jpg/2k/leafy_grass/leafy_grass_nor_dx_2k.jpg
leafy_grass	arm	https://dl.polyhaven.org/file/ph-assets/Textures/jpg/2k/leafy_grass/leafy_grass_arm_2k.jpg
leafy_grass	disp	https://dl.polyhaven.org/file/ph-assets/Textures/jpg/2k/leafy_grass/leafy_grass_disp_2k.jpg
withered_grass	diff	https://dl.polyhaven.org/file/ph-assets/Textures/jpg/2k/withered_grass/withered_grass_diff_2k.jpg
withered_grass	nor_dx	https://dl.polyhaven.org/file/ph-assets/Textures/jpg/2k/withered_grass/withered_grass_nor_dx_2k.jpg
withered_grass	arm	https://dl.polyhaven.org/file/ph-assets/Textures/jpg/2k/withered_grass/withered_grass_arm_2k.jpg
withered_grass	disp	https://dl.polyhaven.org/file/ph-assets/Textures/jpg/2k/withered_grass/withered_grass_disp_2k.jpg
forest_leaves_02	diff	https://dl.polyhaven.org/file/ph-assets/Textures/jpg/2k/forest_leaves_02/forest_leaves_02_diffuse_2k.jpg
forest_leaves_02	nor_dx	https://dl.polyhaven.org/file/ph-assets/Textures/jpg/2k/forest_leaves_02/forest_leaves_02_nor_dx_2k.jpg
forest_leaves_02	arm	https://dl.polyhaven.org/file/ph-assets/Textures/jpg/2k/forest_leaves_02/forest_leaves_02_arm_2k.jpg
forest_leaves_02	disp	https://dl.polyhaven.org/file/ph-assets/Textures/jpg/2k/forest_leaves_02/forest_leaves_02_disp_2k.jpg
brown_mud_02	diff	https://dl.polyhaven.org/file/ph-assets/Textures/jpg/2k/brown_mud_02/brown_mud_02_diff_2k.jpg
brown_mud_02	nor_dx	https://dl.polyhaven.org/file/ph-assets/Textures/jpg/2k/brown_mud_02/brown_mud_02_nor_dx_2k.jpg
brown_mud_02	arm	https://dl.polyhaven.org/file/ph-assets/Textures/jpg/2k/brown_mud_02/brown_mud_02_arm_2k.jpg
brown_mud_02	disp	https://dl.polyhaven.org/file/ph-assets/Textures/jpg/2k/brown_mud_02/brown_mud_02_disp_2k.jpg
rocks_ground_05	diff	https://dl.polyhaven.org/file/ph-assets/Textures/jpg/2k/rocks_ground_05/rocks_ground_05_diff_2k.jpg
rocks_ground_05	nor_dx	https://dl.polyhaven.org/file/ph-assets/Textures/jpg/2k/rocks_ground_05/rocks_ground_05_nor_dx_2k.jpg
rocks_ground_05	arm	https://dl.polyhaven.org/file/ph-assets/Textures/jpg/2k/rocks_ground_05/rocks_ground_05_arm_2k.jpg
rocks_ground_05	disp	https://dl.polyhaven.org/file/ph-assets/Textures/jpg/2k/rocks_ground_05/rocks_ground_05_disp_2k.jpg
mossy_rock	diff	https://dl.polyhaven.org/file/ph-assets/Textures/jpg/2k/mossy_rock/mossy_rock_diff_2k.jpg
mossy_rock	nor_dx	https://dl.polyhaven.org/file/ph-assets/Textures/jpg/2k/mossy_rock/mossy_rock_nor_dx_2k.jpg
mossy_rock	arm	https://dl.polyhaven.org/file/ph-assets/Textures/jpg/2k/mossy_rock/mossy_rock_arm_2k.jpg
mossy_rock	disp	https://dl.polyhaven.org/file/ph-assets/Textures/jpg/2k/mossy_rock/mossy_rock_disp_2k.jpg
gravelly_sand	diff	https://dl.polyhaven.org/file/ph-assets/Textures/jpg/2k/gravelly_sand/gravelly_sand_diff_2k.jpg
gravelly_sand	nor_dx	https://dl.polyhaven.org/file/ph-assets/Textures/jpg/2k/gravelly_sand/gravelly_sand_nor_dx_2k.jpg
gravelly_sand	arm	https://dl.polyhaven.org/file/ph-assets/Textures/jpg/2k/gravelly_sand/gravelly_sand_arm_2k.jpg
gravelly_sand	disp	https://dl.polyhaven.org/file/ph-assets/Textures/jpg/2k/gravelly_sand/gravelly_sand_disp_2k.jpg
ganges_river_pebbles	diff	https://dl.polyhaven.org/file/ph-assets/Textures/jpg/2k/ganges_river_pebbles/ganges_river_pebbles_diff_2k.jpg
ganges_river_pebbles	nor_dx	https://dl.polyhaven.org/file/ph-assets/Textures/jpg/2k/ganges_river_pebbles/ganges_river_pebbles_nor_dx_2k.jpg
ganges_river_pebbles	arm	https://dl.polyhaven.org/file/ph-assets/Textures/jpg/2k/ganges_river_pebbles/ganges_river_pebbles_arm_2k.jpg
ganges_river_pebbles	disp	https://dl.polyhaven.org/file/ph-assets/Textures/jpg/2k/ganges_river_pebbles/ganges_river_pebbles_disp_2k.jpg
kenney_impact-sounds	audio_cc0	https://kenney.nl/media/pages/assets/impact-sounds/87b4ddecda-1677589768/kenney_impact-sounds.zip
kenney_rpg-audio	audio_cc0	https://kenney.nl/media/pages/assets/rpg-audio/8e99002d76-1677590336/kenney_rpg-audio.zip
kenney_interface-sounds	audio_cc0	https://kenney.nl/media/pages/assets/interface-sounds/fa43c1dd4d-1677589452/kenney_interface-sounds.zip
oga_zombies	audio_cc0	https://opengameart.org/sites/default/files/zombies.zip
oga_ghost_moans	audio_cc0	https://opengameart.org/sites/default/files/qubodup-GhostMoans.zip
oga_forest_ambience	audio_cc0	https://opengameart.org/sites/default/files/Forest_Ambience.mp3
oga_crickets	audio_cc0	https://opengameart.org/sites/default/files/crickets_1.mp3
oga_sfx_loops	audio_cc0	https://opengameart.org/sites/default/files/sfx_loops.zip
oga_gunshots	audio_cc0	https://opengameart.org/sites/default/files/sounds.zip
oga_reload_rifle	audio_cc0	https://opengameart.org/sites/default/files/assaultriflereload1_0.wav
oga_reload_pistol	audio_cc0	https://opengameart.org/sites/default/files/gunreload1.wav
oga_shotgun_cock	audio_cc0	https://opengameart.org/sites/default/files/shotguncock_0.wav
rough_wood	diff	https://dl.polyhaven.org/file/ph-assets/Textures/jpg/2k/rough_wood/rough_wood_diff_2k.jpg	2223327
rough_wood	nor_gl	https://dl.polyhaven.org/file/ph-assets/Textures/jpg/2k/rough_wood/rough_wood_nor_gl_2k.jpg	2520021
rough_wood	arm	https://dl.polyhaven.org/file/ph-assets/Textures/jpg/2k/rough_wood/rough_wood_arm_2k.jpg	575486
rusty_metal_04	diff	https://dl.polyhaven.org/file/ph-assets/Textures/jpg/2k/rusty_metal_04/rusty_metal_04_diff_2k.jpg	3463347
rusty_metal_04	nor_gl	https://dl.polyhaven.org/file/ph-assets/Textures/jpg/2k/rusty_metal_04/rusty_metal_04_nor_gl_2k.jpg	3582694
rusty_metal_04	arm	https://dl.polyhaven.org/file/ph-assets/Textures/jpg/2k/rusty_metal_04/rusty_metal_04_arm_2k.jpg	2940102
bark_willow	diff	https://dl.polyhaven.org/file/ph-assets/Textures/jpg/2k/bark_willow/bark_willow_diff_2k.jpg	3154082
bark_willow	nor_gl	https://dl.polyhaven.org/file/ph-assets/Textures/jpg/2k/bark_willow/bark_willow_nor_gl_2k.jpg	5586193
bark_willow	arm	https://dl.polyhaven.org/file/ph-assets/Textures/jpg/2k/bark_willow/bark_willow_arm_2k.jpg	3684160
brown_leather	nor_gl	https://dl.polyhaven.org/file/ph-assets/Textures/jpg/2k/brown_leather/brown_leather_nor_gl_2k.jpg	3030702
brown_leather	arm	https://dl.polyhaven.org/file/ph-assets/Textures/jpg/2k/brown_leather/brown_leather_arm_2k.jpg	1870765
brown_leather	diff	https://dl.polyhaven.org/file/ph-assets/Textures/jpg/2k/brown_leather/brown_leather_albedo_2k.jpg	2137518
